E (keV),E error (keV),from (keV),from spin,onto (keV),onto spin,relative (%),relative err (%),absolute (%),absolute err (%),E1,M1,E2,M2,E3,M3,E4,M4,E5,M5
100.42,0.11,2923.29,,2822.87,(8+),0.456432339374507,0.074871259729956,0.407246013146545,0.066969402315147,0.1649,0.4576,1.473,4.686,14.78,41.62,184.5,395.9,2492,4144
108.54,0.11,2644.12,,2535.66,,0.431286786303245,0.057434308456477,0.38481020973553,0.051438664092765,0.1321,0.3676,1.116,3.519,10.25,29.44,115.4,261.5,1422,2530
114.11,0.10,2616.22,(8-),2502.11,(7-),1.89005828731244,0.221627548844273,1.68638073099158,0.198707534248907,0.1146,0.3196,0.9342,2.929,8.115,23.59,85.6,200.6,995,1847
141.95,0.12,2644.12,,2502.11,(7-),0.256905269477294,0.019156117929476,0.229220494968307,0.017296949766707,0.06151,0.1744,0.4301,1.332,2.995,9.085,24.13,64.33,216.9,482.2
324.60,0.10,2502.11,(7-),2177.64,(6+),5.37541328630704,0.099571581757454,4.79614488505233,0.104791967718691,0.006277,0.01947,0.02508,0.08157,0.09182,0.3082,0.3402,1.165,1.316,4.471
348.77,0.11,2964.99,,2616.22,(8-),1.1539931493008,0.022747707416187,1.02963587088331,0.023543264096103,0.005207,0.01623,0.01991,0.06504,0.06962,0.2346,0.245,0.8445,0.8943,3.077
465.50,1.00,2444.47,,1978.97,"(3,4+),(5-)",0,0,0,0,0.002529,0.007924,0.008199,0.02692,0.02418,0.08139,0.07059,0.243,0.2093,0.7285
466.36,0.10,2644.12,,2177.64,(6+),6.68894732809124,0.086252983820838,5.96812911031987,0.103464753681062,0.002518,0.007888,0.008154,0.02677,0.02403,0.08086,0.07006,0.2411,0.2075,0.7221
523.14,0.10,2502.11,(7-),1978.97,"(3,4+),(5-)",9.13468085708405,0.106632445186395,8.15030408562089,0.134055646040769,0.001917,0.005969,0.005851,0.01908,0.01621,0.05403,0.04423,0.1503,0.1218,0.4188
541.88,0.11,1909.97,(3-),1367.88,(2)+,0.6397273001028,0.013320899406977,0.570788636109556,0.013601728321734,0.001766,0.005484,0.005298,0.01723,0.01442,0.04785,0.03857,0.1304,0.104,0.3556
556.69,0.10,2535.66,,1978.97,"(3,4+),(5-)",4.96256078911418,0.060125608938632,4.42778243788262,0.0742311773932,0.001659,0.005141,0.004915,0.01594,0.01319,0.04363,0.03478,0.1171,0.09223,0.3141
569.36,0.10,569.36,2+,0,0+,100,1.01425398349688,89.2237420566285,1.37398239652369,0.001576,0.004872,0.004619,0.01494,0.01226,0.04041,0.03193,0.1071,0.08356,0.2833
622.40,0.15,3266.52,,2644.12,,0.539483075611783,0.012293201733232,0.481346987823023,0.012305120569758,0.00129,0.003943,0.003629,0.0116,0.009225,0.02995,0.02294,0.07551,0.05706,0.1897
645.23,0.13,2822.87,(8+),2177.64,(6+),1.15662532963997,0.019764776384232,1.0319844006796,0.021306854913944,0.001191,0.003622,0.003299,0.01048,0.008246,0.02658,0.02013,0.06572,0.04911,0.1618
650.05,0.10,1978.97,"(3,4+),(5-)",1328.92,(4+),42.4173185713244,0.404766403546991,37.8463189094169,0.568105871165569,0.001172,0.003559,0.003235,0.01026,0.008059,0.02594,0.0196,0.06388,0.04763,0.1566
665.27,0.10,2644.12,,1978.97,"(3,4+),(5-)",9.15895147661783,0.096025643960781,8.17195924058926,0.127699416805533,0.001114,0.003371,0.003046,0.009621,0.007507,0.02404,0.01805,0.05848,0.04332,0.1415
667.00,1.00,3169.71,,2502.11,(7-),0,0,0,0,0.001108,0.003351,0.003025,0.009552,0.007448,0.02384,0.01788,0.0579,0.04286,0.1399
689.30,0.11,2668.27,,1978.97,"(3,4+),(5-)",2.14426329049025,0.030106190328899,1.913191947322,0.034828411019384,0.001032,0.003103,0.002779,0.008719,0.006741,0.02141,0.01593,0.05113,0.03753,0.1214
759.56,0.10,1328.92,(4+),569.36,2+,68.1662030922888,0.601477138272326,60.8204372168613,0.88581889141142,0.0008402,0.002478,0.002177,0.006683,0.005063,0.01569,0.01143,0.03566,0.02563,0.08038
792.04,0.15,2702.14,,1909.97,(3-),0.41485997139074,0.011298967208509,0.370153590769877,0.010955832727336,0.0007704,0.00225,0.001964,0.005967,0.00449,0.01375,0.009949,0.03062,0.02186,0.06755
798.43,0.10,1367.88,(2)+,569.36,2+,7.25242849440012,0.076046911753357,6.47088809268499,0.101123505679793,0.0007578,0.002209,0.001926,0.00584,0.004389,0.0134,0.00969,0.02974,0.02121,0.06535
821.19,0.10,2800.16,,1978.97,"(3,4+),(5-)",3.96773483231524,0.047310555607631,3.54016149227595,0.058860924933113,0.0007156,0.002072,0.0018,0.005416,0.004055,0.01228,0.008842,0.02688,0.0191,0.05825
848.72,0.10,2177.64,(6+),1328.92,(4+),18.7310823525613,0.172300163246462,16.712572602664,0.247256692551931,0.0006694,0.001922,0.001664,0.00496,0.003699,0.01109,0.007953,0.0239,0.01691,0.05095
867.52,0.16,2196.41,,1328.92,(4+),0.11100797187821,0.005820519468346,0.099045466490909,0.005318587444841,0.0006407,0.001829,0.00158,0.00468,0.003483,0.01037,0.007418,0.02212,0.01562,0.04666
875.27,0.11,2854.24,,1978.97,"(3,4+),(5-)",1.48137830681331,0.024354057512195,1.32174115935396,0.026584583687948,0.0006294,0.001792,0.001547,0.004572,0.003399,0.01009,0.007213,0.02144,0.01512,0.04503
884.06,0.39,3061.70,(8+),2177.64,(6+),0.040448784999622,0.00351007066309,0.036089919593103,0.00315961301358,0.0006171,0.001752,0.001511,0.004453,0.003308,0.009783,0.00699,0.0207,0.01459,0.04327
1135.23,0.11,1704.59,0(+),569.36,2+,1.98070617176523,0.031323621031765,1.76726016559553,0.034647376436915,0.0003937,0.001007,0.0008656,0.00234,0.001731,0.00467,0.00332,0.0089,0.006242,0.01665
1340.61,0.12,1909.97,(3-),569.36,2+,0.833697854575023,0.019848614027553,0.743856423297664,0.019695826938896,0.000403,0.0007307,0.0006436,0.00156,0.001173,0.002931,0.002106,0.005254,0.003726,0.009219
1367.97,0.10,1367.88,(2)+,0,0+,3.08445807784016,0.044317164980214,2.75206891921695,0.050798109814187,0.0004118,0.0007075,0.0006261,0.001488,0.001122,0.002774,0.001996,0.004937,0.003508,0.0086
1422.69,0.11,1992.05,0(+),569.36,2+,1.15195458765703,0.024395532238137,1.02781698990061,0.024811810357812,,,,,,,,,,
1627.05,0.12,2196.41,,569.36,2+,1.57517028864421,0.030870277883453,1.40542587529256,0.031997782382338,,,,,,,,,,
1721.39,0.13,3050.48,,1328.92,(4+),0.978848380195474,0.023929996121144,0.873365153871096,0.023628157037927,,,,,,,,,,
1746.49,0.12,2315.85,,569.36,2+,1.26484336543087,0.027888975086737,1.12854058179242,0.028110424293737,,,,,,,,,,
2008.21,0.11,2577.57,,569.36,2+,2.56620935301631,0.045544132975215,2.28966801376835,0.048530452792319,,,,,,,,,,
2031.71,0.13,4955.00,,2923.29,,0.652206689108106,0.020460248193925,0.581923213965893,0.019460911352828,,,,,,,,,,
2098.96,0.14,2668.27,,569.36,2+,0.557688553801881,0.019057427063245,0.497590596723532,0.017954708016403,,,,,,,,,,
2366.11,0.16,2935.58,,569.36,2+,0.487686559416473,0.018692520006496,0.4351321978186,0.017423643261182,,,,,,,,,,
2596.22,0.24,4301.94,,1704.59,0(+),0.583940188348837,0.02150108690575,0.521013287417357,0.020111592459433,,,,,,,,,,
2767.02,0.13,4134.90,,1367.88,(2)+,2.15799063978535,0.047666357040071,1.92544000204827,0.048026522478617,,,,,,,,,,
2897.36,0.11,3466.95,,569.36,2+,2.6698049436991,0.056196234506577,2.3820998763812,0.057235854272048,,,,,,,,,,
2935.68,0.12,2935.58,,0,0+,1.23077478668772,0.034858995261363,1.09814332097227,0.033604771557384,,,,,,,,,,
2985.13,0.16,3554.80,,569.36,2+,0.696780187357787,0.02536319597351,0.621693357069805,0.023748918592792,,,,,,,,,,
3038.15,0.25,3607.51,,569.36,2+,0.23391313505071,0.01423709801469,0.208706052254219,0.012931023961683,,,,,,,,,,
3050.64,0.11,3050.48,,0,0+,1.54274316412273,0.040797547632748,1.37649318135313,0.039742172505299,,,,,,,,,,
3239.21,0.12,3808.60,,569.36,2+,1.4374419262528,0.04043427618076,1.28253947649363,0.039018008234587,,,,,,,,,,
3467.18,0.11,3466.95,,0,0+,2.57722619287474,0.061563339449754,2.29949765054642,0.061050554506588,,,,,,,,,,
3555.10,0.13,3554.80,,0,0+,0.774820035432339,0.029554638329735,0.691323429817228,0.027559643293524,,,,,,,,,,
3732.81,0.18,4301.94,,569.36,2+,0.756682574953189,0.029970173466919,0.675140508863688,0.027861367328927,,,,,,,,,,
3808.63,0.12,3808.60,,0,0+,1.54356066024577,0.046783743369208,1.37722258198528,0.044688720940389,,,,,,,,,,
4084.20,0.18,4084.20,,0,0+,0.791273126108087,0.032438095930485,0.7060034930021,0.030076428021668,,,,,,,,,,
4302.83,0.18,4301.94,,0,0+,0.532935915393711,0.026594137429082,0.475505366478017,0.024359597492716,,,,,,,,,,
