transition_id,peak_id,e_gamma_keV,de_gamma_keV,level_initial_id,level_final_id,e_level_initial_keV,e_level_final_keV,current_relative_percent,current_relative_err_percent,current_absolute_percent,current_absolute_err_percent,integral_counts,integral_err,current_origin_label,literature_status,literature_source_primary,literature_e_gamma_keV,literature_i_gamma_rel_percent,literature_i_gamma_abs_percent,delta_e_current_minus_lit_keV,intensity_ratio_current_to_lit,agreement_status,quality_flag,comment
tr_lv_2923_lv_2823,pk_100p42,100.42,0.11,lv_2923,lv_2823,2923.29,2822.87,1.1288,0.0749,1.0071,0.0672,6865,83,new,new_in_current_analysis,current_analysis,,,,,,new_transition_no_literature_value_expected,normal,
tr_lv_2644_lv_2536,pk_108p54,108.54,0.11,lv_2644,lv_2536,2644.12,2535.66,1.9490,0.0574,1.7390,0.0527,6583,81,2008 work,previously_reported,Smith2008,,,,,,needs_literature_numeric_values,normal,
tr_lv_2616_lv_2502,pk_114p11,114.11,0.10,lv_2616,lv_2502,2616.22,2502.11,2.1067,0.2216,1.8796,0.1982,28789,170,2008 work,previously_reported,Smith2008,,,,,,needs_literature_check_and_doublet_caution,doublet_affected,doublet?
tr_lv_2644_lv_2502,pk_141p95,141.95,0.12,lv_2644,lv_2502,2644.12,2502.11,0.5991,0.0192,0.5345,0.0175,3618,60,new,new_in_current_analysis,current_analysis,,,,,,new_transition_no_literature_value_expected,normal,
tr_lv_2502_lv_2178,pk_324p60,324.60,0.10,lv_2502,lv_2178,2502.11,2177.64,5.8139,0.0996,5.1874,0.0960,39265,198,known,previously_reported,legacy_literature_or_NDS,,,,,,needs_literature_numeric_values,normal,
tr_lv_2965_lv_2616,pk_348p77,348.77,0.11,lv_2965,lv_2616,2964.99,2616.22,1.1727,0.0227,1.0463,0.0216,7930,89,new,new_in_current_analysis,current_analysis,,,,,,new_transition_no_literature_value_expected,normal,
tr_lv_2444_lv_1979,pk_465p50,465.50,1.00,lv_2444,lv_1979,2444.47,1978.97,1.9911,0.0000,1.7765,0.0125,10698,103,known,previously_reported,legacy_literature_or_NDS,,,,,,needs_literature_check_and_doublet_caution,estimated_from_doublet_split,"doublet, bad fit"
tr_lv_2644_lv_2178,pk_466p36,466.36,0.10,lv_2644,lv_2178,2644.12,2177.64,4.7478,0.0863,4.2361,0.0825,25473,160,known,previously_reported,legacy_literature_or_NDS,,,,,,needs_literature_check_and_doublet_caution,doublet_affected,"doublet, 665 keV coincidence"
tr_lv_2502_lv_1979,pk_523p14,523.14,0.10,lv_2502,lv_1979,2502.11,1978.97,9.1892,0.1066,8.1990,0.1113,45097,212,known,previously_reported,legacy_literature_or_NDS,,,,,,needs_literature_numeric_values,normal,
tr_lv_1910_lv_1368,pk_541p88,541.88,0.11,lv_1910,lv_1368,1909.97,1367.88,0.6397,0.0133,0.5708,0.0125,3073,55,new,new_in_current_analysis,current_analysis,,,,,,new_transition_no_literature_value_expected,normal,
tr_lv_2536_lv_1979,pk_556p69,556.69,0.10,lv_2536,lv_1979,2535.66,1978.97,4.9626,0.0601,4.4278,0.0620,23340,153,known,previously_reported,legacy_literature_or_NDS,,,,,,needs_literature_numeric_values,normal,
tr_lv_569_lv_0,pk_569p36,569.36,0.10,lv_569,lv_0,569.36,0,100.0000,0.0000,89.2237,0.6278,462191,680,known,previously_reported,legacy_literature_or_NDS,,,,,,needs_literature_numeric_values,normal,
tr_lv_2823_lv_2178,pk_645p23,645.23,0.13,lv_2823,lv_2178,2822.87,2177.64,1.1566,0.0198,1.0320,0.0191,4857,70,known,previously_reported,legacy_literature_or_NDS,,,,,,needs_literature_numeric_values,normal,
tr_lv_1979_lv_1329,pk_650p05,650.05,0.10,lv_1979,lv_1329,1978.97,1328.92,42.4173,0.4048,37.8463,0.4487,177118,421,known,previously_reported,legacy_literature_or_NDS,,,,,,needs_literature_numeric_values,normal,
tr_lv_2644_lv_1979,pk_665p27,665.27,0.10,lv_2644,lv_1979,2644.12,1978.97,6.4309,0.0960,5.7379,0.0947,26385,162,known,previously_reported,legacy_literature_or_NDS,,,,,,needs_literature_check_and_doublet_caution,doublet_affected,doublet
tr_lv_2668_lv_1979,pk_689p30,689.30,0.11,lv_2668,lv_1979,2668.27,1978.97,2.1443,0.0301,1.9132,0.0300,8565,93,known,previously_reported,legacy_literature_or_NDS,,,,,,needs_literature_check_and_doublet_caution,doublet_affected,doublet
tr_lv_1329_lv_569,pk_759p56,759.56,0.10,lv_1329,lv_569,1328.92,569.36,68.1662,0.6015,60.8204,0.6864,253069,503,known,previously_reported,legacy_literature_or_NDS,,,,,,needs_literature_numeric_values,normal,
tr_lv_2702_lv_1910,pk_792p04,792.04,0.15,lv_2702,lv_1910,2702.14,1909.97,0.4149,0.0113,0.3702,0.0104,1493,39,new,new_in_current_analysis,current_analysis,,,,,,new_transition_no_literature_value_expected,normal,
tr_lv_1368_lv_569,pk_798p43,798.43,0.10,lv_1368,lv_569,1367.88,569.36,7.2524,0.0760,6.4709,0.0817,25935,161,known,previously_reported,legacy_literature_or_NDS,,,,,,needs_literature_numeric_values,normal,
tr_lv_2800_lv_1979,pk_821p19,821.19,0.10,lv_2800,lv_1979,2800.16,1978.97,3.9677,0.0473,3.5402,0.0490,13893,118,known,previously_reported,legacy_literature_or_NDS,,,,,,needs_literature_numeric_values,normal,
tr_lv_2178_lv_1329,pk_848p72,848.72,0.10,lv_2178,lv_1329,2177.64,1328.92,18.7311,0.1723,16.7126,0.1936,63982,253,known,previously_reported,legacy_literature_or_NDS,,,,,,needs_literature_numeric_values,normal,
tr_lv_2854_lv_1979,pk_875p27,875.27,0.11,lv_2854,lv_1979,2854.24,1978.97,1.4814,0.0244,1.3217,0.0236,4945,70,new,new_in_current_analysis,current_analysis,,,,,,new_transition_no_literature_value_expected,doublet_affected,doublet
tr_lv_1705_lv_569,pk_1135p23,1135.23,0.11,lv_1705,lv_569,1704.59,569.36,1.9807,0.0313,1.7673,0.0306,5431,74,known,previously_reported,legacy_literature_or_NDS,,,,,,needs_literature_numeric_values,normal,
tr_lv_1910_lv_569,pk_1340p61,1340.61,0.12,lv_1910,lv_569,1909.97,569.36,0.8337,0.0198,0.7439,0.0185,2010,45,known,previously_reported,legacy_literature_or_NDS,,,,,,needs_literature_numeric_values,normal,
tr_lv_1368_lv_0,pk_1367p97,1367.97,0.10,lv_1368,lv_0,1367.88,0,3.0845,0.0443,2.7521,0.0440,7318,86,known,previously_reported,legacy_literature_or_NDS,,,,,,needs_literature_numeric_values,normal,
tr_lv_1992_lv_569,pk_1422p69,1422.69,0.11,lv_1992,lv_569,1992.05,569.36,1.1520,0.0244,1.0278,0.0229,2650,51,known,previously_reported,legacy_literature_or_NDS,,,,,,needs_literature_numeric_values,normal,
tr_lv_2196_lv_569,pk_1627p05,1627.05,0.12,lv_2196,lv_569,2196.41,569.36,1.5752,0.0309,1.4054,0.0293,3253,57,known,previously_reported,legacy_literature_or_NDS,,,,,,needs_literature_numeric_values,normal,
tr_lv_3050_lv_1329,pk_1721p39,1721.39,0.13,lv_3050,lv_1329,3050.48,1328.92,0.9788,0.0239,0.8734,0.0222,1931,44,new,new_in_current_analysis,current_analysis,,,,,,new_transition_no_literature_value_expected,normal,
tr_lv_2316_lv_569,pk_1746p49,1746.49,0.12,lv_2316,lv_569,2315.85,569.36,1.2648,0.0279,1.1285,0.0261,2465,50,known,previously_reported,legacy_literature_or_NDS,,,,,,possible_escape_peak_check_before_literature_comparison,possible_escape_peak,2767 keV single escape?
tr_lv_2578_lv_569,pk_2008p21,2008.21,0.11,lv_2578,lv_569,2577.57,569.36,2.5662,0.0455,2.2897,0.0437,4451,67,known,previously_reported,legacy_literature_or_NDS,,,,,,needs_literature_numeric_values,normal,
tr_lv_4955_lv_2923,pk_2031p71,2031.71,0.13,lv_4955,lv_2923,4955.00,2923.29,0.6522,0.0205,0.5819,0.0187,1120,33,new,new_in_current_analysis,current_analysis,,,,,,new_transition_no_literature_value_expected,doublet_affected,doublet?
tr_lv_2668_lv_569,pk_2098p96,2098.96,0.14,lv_2668,lv_569,2668.27,569.36,0.5577,0.0191,0.4976,0.0174,932,31,new,new_in_current_analysis,current_analysis,,,,,,new_transition_no_literature_value_expected,normal,
tr_lv_2936_lv_569,pk_2366p11,2366.11,0.16,lv_2936,lv_569,2935.58,569.36,0.4877,0.0187,0.4351,0.0170,735,27,new,new_in_current_analysis,current_analysis,,,,,,new_transition_no_literature_value_expected,normal,
tr_lv_4302_lv_1705,pk_2596p22,2596.22,0.24,lv_4302,lv_1705,4301.94,1704.59,0.5839,0.0215,0.5210,0.0195,811,28,new,new_in_current_analysis,current_analysis,,,,,,new_transition_no_literature_value_expected,normal,
tr_lv_4135_lv_1368,pk_2767p02,2767.02,0.13,lv_4135,lv_1368,4134.90,1367.88,2.1580,0.0477,1.9254,0.0446,2830,53,new,new_in_current_analysis,current_analysis,,,,,,new_transition_no_literature_value_expected,normal,
tr_lv_3467_lv_569,pk_2897p36,2897.36,0.11,lv_3467,lv_569,3466.95,569.36,2.6698,0.0562,2.3821,0.0529,3360,58,new,new_in_current_analysis,current_analysis,,,,,,new_transition_no_literature_value_expected,normal,
tr_lv_2936_lv_0,pk_2935p68,2935.68,0.12,lv_2936,lv_0,2935.58,0,1.2308,0.0349,1.0981,0.0320,1531,39,new,new_in_current_analysis,current_analysis,,,,,,new_transition_no_literature_value_expected,normal,
tr_lv_3555_lv_569,pk_2985p13,2985.13,0.16,lv_3555,lv_569,3554.80,569.36,0.6968,0.0254,0.6217,0.0230,854,29,new,new_in_current_analysis,current_analysis,,,,,,new_transition_no_literature_value_expected,normal,
tr_lv_3608_lv_569,pk_3038p15,3038.15,0.25,lv_3608,lv_569,3607.51,569.36,0.2339,0.0142,0.2087,0.0128,282,17,new,new_in_current_analysis,current_analysis,,,,,,new_transition_no_literature_value_expected,normal,
tr_lv_3050_lv_0,pk_3050p64,3050.64,0.11,lv_3050,lv_0,3050.48,0,1.5427,0.0408,1.3765,0.0377,1853,43,new,new_in_current_analysis,current_analysis,,,,,,new_transition_no_literature_value_expected,normal,
tr_lv_3809_lv_569,pk_3239p21,3239.21,0.12,lv_3809,lv_569,3808.60,569.36,1.4374,0.0404,1.2825,0.0372,1635,40,new,new_in_current_analysis,current_analysis,,,,,,new_transition_no_literature_value_expected,normal,
tr_lv_3467_lv_0,pk_3467p18,3467.18,0.11,lv_3467,lv_0,3466.95,0,2.5772,0.0616,2.2995,0.0573,2755,52,new,new_in_current_analysis,current_analysis,,,,,,new_transition_no_literature_value_expected,normal,
tr_lv_3555_lv_0,pk_3555p10,3555.10,0.13,lv_3555,lv_0,3554.80,0,0.7748,0.0296,0.6913,0.0268,810,28,new,new_in_current_analysis,current_analysis,,,,,,new_transition_no_literature_value_expected,normal,
tr_lv_4302_lv_569,pk_3732p81,3732.81,0.18,lv_4302,lv_569,4301.94,569.36,0.7567,0.0300,0.6751,0.0272,756,27,new,new_in_current_analysis,current_analysis,,,,,,new_transition_no_literature_value_expected,normal,
tr_lv_3809_lv_0,pk_3808p63,3808.63,0.12,lv_3809,lv_0,3808.60,0,1.5436,0.0468,1.3772,0.0429,1514,39,new,new_in_current_analysis,current_analysis,,,,,,new_transition_no_literature_value_expected,normal,
tr_lv_4084_lv_0,pk_4084p20,4084.20,0.18,lv_4084,lv_0,4084.20,0,0.7913,0.0324,0.7060,0.0294,728,27,new,new_in_current_analysis,current_analysis,,,,,,new_transition_no_literature_value_expected,normal,
tr_lv_4302_lv_0,pk_4302p83,4302.83,0.18,lv_4302,lv_0,4301.94,0,0.5329,0.0266,0.4755,0.0240,468,22,new,new_in_current_analysis,current_analysis,,,,,,new_transition_no_literature_value_expected,normal,
