peak_id,e_gamma_keV,de_gamma_keV,fwhm_keV,fwhm_err_percent,integral_counts,integral_err,efficiency,efficiency_err,fit_error_percent
pk_100p42,100.42,0.11,1.84,8.54,6865,83,0.11733,0.01918,16.34339
pk_108p54,108.54,0.11,1.69,2.01,6583,81,0.11907,0.01577,13.2404
pk_114p11,114.11,0.1,1.78,0.77,28789,170,0.11882,0.01389,11.68916
pk_141p95,141.95,0.12,1.69,4.13,3618,60,0.10984,0.00795,7.2333
pk_324p60,324.6,0.1,2.03,0.23,39265,198,0.05698,0.00093,1.63162
pk_348p77,348.77,0.11,2.07,6.61,7930,89,0.0536,0.00078,1.45266
pk_465p50,465.5,1.0,1.0,0.0,10698,103,0.04225,0.0004,0.94505
pk_466p36,466.36,0.1,2.76,0.01,25473,160,0.04218,0.00039,0.93378
pk_523p14,523.14,0.1,2.14,0.09,45097,212,0.03851,0.0003,0.79156
pk_541p88,541.88,0.11,2.1,2.68,3073,55,0.03747,0.00028,0.75289
pk_556p69,556.69,0.1,2.25,1.59,23340,153,0.03669,0.00027,0.72466
pk_569p36,569.36,0.1,2.21,0.2,462191,680,0.03605,0.00025,0.70194
pk_645p23,645.23,0.13,1.7,22.22,4857,70,0.03276,0.00019,0.58895
pk_650p05,650.05,0.1,2.18,0.72,177118,421,0.03257,0.00019,0.5829
pk_665p27,665.27,0.1,2.18,4.87,26385,162,0.03201,0.00018,0.56458
pk_689p30,689.3,0.11,2.26,6.62,8565,93,0.03116,0.00017,0.53791
pk_759p56,759.56,0.1,2.39,0.2,253069,503,0.02896,0.00014,0.47403
pk_792p04,792.04,0.15,2.07,8.91,1493,39,0.02806,0.00013,0.45085
pk_798p43,798.43,0.1,2.32,1.85,25935,161,0.0279,0.00012,0.44672
pk_821p19,821.19,0.1,2.32,0.53,13893,118,0.02731,0.00012,0.43314
pk_848p72,848.72,0.1,2.38,0.13,63982,253,0.02665,0.00011,0.41892
pk_875p27,875.27,0.11,2.7,7.69,4945,70,0.02604,0.00011,0.4074
pk_1135p23,1135.23,0.11,2.3,16.52,5431,74,0.02139,8e-05,0.38097
pk_1340p61,1340.61,0.12,1.96,4.72,2010,45,0.0188,8e-05,0.42125
pk_1367p97,1367.97,0.1,2.63,2.97,7318,86,0.01851,8e-05,0.42828
pk_1422p69,1422.69,0.11,2.45,2.22,2650,51,0.01794,8e-05,0.44296
pk_1627p05,1627.05,0.12,2.87,2.41,3253,57,0.01611,8e-05,0.50239
pk_1721p39,1721.39,0.13,2.9,10.36,1931,44,0.01538,8e-05,0.53126
pk_1746p49,1746.49,0.12,2.58,0.35,2465,50,0.0152,8e-05,0.53906
pk_2008p21,2008.21,0.11,3.16,1.58,4451,67,0.01353,8e-05,0.62329
pk_2031p71,2031.71,0.13,2.44,6.45,1120,33,0.0134,8e-05,0.63115
pk_2098p96,2098.96,0.14,2.33,5.64,932,31,0.01303,9e-05,0.65394
pk_2366p11,2366.11,0.16,2.94,1.2,735,27,0.01175,9e-05,0.74969
pk_2596p22,2596.22,0.24,3.89,0.86,811,28,0.01083,9e-05,0.83977
pk_2767p02,2767.02,0.13,3.72,10.26,2830,53,0.01023,9e-05,0.9116
pk_2897p36,2897.36,0.11,3.41,2.82,3360,58,0.00982,0.0001,0.9693
pk_2935p68,2935.68,0.12,3.46,0.79,1531,39,0.0097,0.0001,0.98673
pk_2985p13,2985.13,0.16,3.63,4.63,854,29,0.00956,0.0001,1.00955
pk_3038p15,3038.15,0.25,2.89,0.1,282,17,0.0094,0.0001,1.03441
pk_3050p64,3050.64,0.11,3.2,0.62,1853,43,0.00937,0.0001,1.04032
pk_3239p21,3239.21,0.12,3.6,1.12,1635,40,0.00887,0.0001,1.13227
pk_3467p18,3467.18,0.11,3.71,0.54,2755,52,0.00834,0.0001,1.24979
pk_3555p10,3555.1,0.13,3.38,4.12,810,28,0.00815,0.00011,1.29688
pk_3732p81,3732.81,0.18,4.13,1.57,756,27,0.00779,0.00011,1.39482
pk_3808p63,3808.63,0.12,3.85,2.83,1514,39,0.00765,0.00011,1.43769
pk_4084p20,4084.2,0.18,4.32,0.43,728,27,0.00718,0.00011,1.59848
pk_4302p83,4302.83,0.18,4.41,3.77,468,22,0.00684,0.00012,1.73106
ns_pk_001,124.7,0.2,1.64,3.45,1200,35,0.11641,0.01109,9.52411
ns_pk_002,239.71,0.19,2.3,6.87,1936,44,0.07401,0.00202,2.73369
ns_pk_003,297.67,0.14,2.19,2.96,3145,56,0.06138,0.00116,1.8838
ns_pk_004,311.95,0.14,1.74,4.46,2063,45,0.05896,0.00103,1.74216
ns_pk_005,409.53,0.17,2.45,9.96,2098,46,0.04688,0.00053,1.13215
ns_pk_006,560.0,1.0,1.0,0.0,0,0,0.03652,0.00026,0.7221
ns_pk_007,586.07,0.17,2.72,3.39,1600,40,0.03526,0.00024,0.67391
ns_pk_008,618.64,0.14,2.04,12.41,2060,45,0.03383,0.00021,0.62455
ns_pk_009,687.0,1.0,1.0,0.0,0,0,0.03124,0.00017,0.54116
ns_pk_010,713.52,0.11,1.96,0.71,2215,47,0.03036,0.00016,0.51363
ns_pk_011,720.48,0.12,2.27,2.33,1903,44,0.03013,0.00015,0.5071
ns_pk_012,734.77,0.13,2.17,10.38,1839,43,0.02969,0.00015,0.49432
ns_pk_013,739.42,0.16,1.55,10.27,794,28,0.02955,0.00014,0.49034
ns_pk_014,808.83,0.15,2.27,5.48,2596,51,0.02763,0.00012,0.44031
ns_pk_015,814.47,0.13,2.21,11.54,2750,52,0.02748,0.00012,0.43697
ns_pk_016,840.72,0.21,2.56,9.26,1081,33,0.02684,0.00011,0.42281
ns_pk_017,957.42,0.12,2.03,3.06,1365,37,0.02434,9e-05,0.38395
ns_pk_018,1060.7,0.13,2.13,4.02,1000,32,0.02252,8e-05,0.37592
ns_pk_019,1115.73,0.15,2.27,0.69,1220,35,0.02167,8e-05,0.37895
ns_pk_020,1173.9,0.31,5.88,2.54,1404,37,0.02084,8e-05,0.38617
ns_pk_021,1218.99,0.14,3.39,0.91,2096,46,0.02025,8e-05,0.39394
ns_pk_022,1252.85,0.13,3.19,2.24,1372,37,0.01982,8e-05,0.40075
ns_pk_023,1288.0,1.0,1.0,0.0,0,0,0.0194,8e-05,0.40853
ns_pk_024,1315.0,0.23,3.25,1.41,1035,32,0.01909,8e-05,0.41492
ns_pk_025,1335.29,0.13,1.97,0.2,921,30,0.01886,8e-05,0.41992
ns_pk_026,1358.08,0.27,2.68,9.46,461,21,0.01861,8e-05,0.42571
ns_pk_027,1384.74,0.23,1.83,18.28,346,19,0.01833,8e-05,0.4327
ns_pk_028,1474.51,0.13,2.42,3.48,1092,33,0.01744,8e-05,0.45748
ns_pk_029,1506.16,0.12,2.97,0.52,1984,45,0.01715,8e-05,0.46656
ns_pk_030,1515.41,0.14,2.22,1.26,817,29,0.01706,8e-05,0.46925
ns_pk_031,1612.01,0.17,2.12,1.99,716,27,0.01623,8e-05,0.49786
ns_pk_032,1667.15,0.18,4.66,0.95,2081,46,0.01579,8e-05,0.51458
ns_pk_033,1850.54,0.16,3.2,1.89,825,29,0.01449,8e-05,0.57188
ns_pk_034,1903.16,0.12,3.05,5.17,1811,43,0.01416,8e-05,0.5888
ns_pk_035,2104.17,0.28,2.46,0.16,542,23,0.013,9e-05,0.65573
ns_pk_036,2115.17,0.29,4.52,4.82,1092,33,0.01294,9e-05,0.65951
ns_pk_037,2159.57,0.16,3.57,4.14,1312,36,0.01272,9e-05,0.67491
ns_pk_038,2196.62,0.28,2.65,4.73,301,17,0.01253,9e-05,0.68794
ns_pk_039,2219.67,0.18,2.39,0.72,384,20,0.01242,9e-05,0.69612
ns_pk_040,2237.9,0.15,0.99,2.93,127,11,0.01233,9e-05,0.70264
ns_pk_041,2246.73,0.13,3.49,2.9,1371,37,0.01229,9e-05,0.70581
ns_pk_042,2325.05,0.17,3.56,1.77,1048,32,0.01193,9e-05,0.73439
ns_pk_043,2386.88,0.28,5.33,4.14,865,29,0.01166,9e-05,0.75752
ns_pk_044,2466.41,0.22,4.05,7.59,668,26,0.01133,9e-05,0.78804
ns_pk_045,2796.61,0.14,3.19,1.07,876,30,0.01013,9e-05,0.92448
ns_pk_046,3297.71,0.13,3.77,4.69,1067,33,0.00873,0.0001,1.16178
ns_pk_047,622.4,0.15,1.76,8.57,2329,48,0.03367,0.00021,0.61928
ns_pk_048,667.0,1.0,1.0,0.0,11193,106,0.03194,0.00018,0.56362
ns_pk_049,867.52,0.16,1.64,9.2,373,19,0.02621,0.00011,0.41055
ns_pk_050,884.06,0.39,0.57,32.68,134,12,0.02584,0.0001,0.40404
