transition_id,peak_id,level_initial_id,level_final_id,decay_parent,decay_daughter,e_gamma_keV,de_gamma_keV,e_level_initial_keV,e_level_final_keV,origin,quality_flag,comment,fwhm_keV,fwhm_err_percent,integral_counts,integral_err,efficiency,efficiency_err,fit_error_percent,emitted,emitted_err,emitted_plus_ic,emitted_plus_ic_err,relative_percent,relative_err_percent,absolute_percent,absolute_err_percent,absolute_sum_percent,alpha_tot,multipolarity,icc_no_ic,icc_E1,icc_M1,icc_E2,icc_M2,icc_E3,icc_M3,icc_E4,icc_M4,icc_E5,icc_M5,in_scheme,source_table
tr_lv_2923_lv_2823,pk_100p42,lv_2923,lv_2823,122Ag,122Cd,100.42,0.11,2923.29,2822.87,new,normal,,1.84,8.54,6865,83,0.11733,0.01918,16.34339,58511,9825,144697,24297,1.1288,0.0749,1.0071,0.0672,287.792024437956,1.473,E2,,0.1649,0.4576,1.473,4.686,14.78,41.62,184.5,395.9,2492,4144,true,122Ag_summary_ENDGAME_scheme
tr_lv_2644_lv_2536,pk_108p54,lv_2644,lv_2536,122Ag,122Cd,108.54,0.11,2644.12,2535.66,2008 work,normal,,1.69,2.01,6583,81,0.11907,0.01577,13.24040,55287,7451,249844,33671,1.9490,0.0574,1.7390,0.0527,,3.519,M2,,0.1321,0.3676,1.116,3.519,10.25,29.44,115.4,261.5,1422,2530,true,122Ag_summary_ENDGAME_scheme
tr_lv_2616_lv_2502,pk_114p11,lv_2616,lv_2502,122Ag,122Cd,114.11,0.10,2616.22,2502.11,2008 work,doublet_affected,doublet?,1.78,0.77,28789,170,0.11882,0.01389,11.68916,242290,28714,270056,32005,2.1067,0.2216,1.8796,0.1982,,0.1146,E1,,0.1146,0.3196,0.9342,2.929,8.115,23.59,85.6,200.6,995,1847,true,122Ag_summary_ENDGAME_scheme
tr_lv_2644_lv_2502,pk_141p95,lv_2644,lv_2502,122Ag,122Cd,141.95,0.12,2644.12,2502.11,new,normal,,1.69,4.13,3618,60,0.10984,0.00795,7.23330,32933,2395,76800,5584,0.5991,0.0192,0.5345,0.0175,,1.332,M2,,0.06151,0.1744,0.4301,1.332,2.995,9.085,24.13,64.33,216.9,482.2,true,122Ag_summary_ENDGAME_scheme
tr_lv_2502_lv_2178,pk_324p60,lv_2502,lv_2178,122Ag,122Cd,324.60,0.10,2502.11,2177.64,known,normal,,2.03,0.23,39265,198,0.05698,0.00093,1.63162,689084,11246,745292,12164,5.8139,0.0996,5.1874,0.0960,,0.08157,M2,,0.006277,0.01947,0.02508,0.08157,0.09182,0.3082,0.3402,1.165,1.316,4.471,true,122Ag_summary_ENDGAME_scheme
tr_lv_2965_lv_2616,pk_348p77,lv_2965,lv_2616,122Ag,122Cd,348.77,0.11,2964.99,2616.22,new,normal,,2.07,6.61,7930,89,0.05360,0.00078,1.45266,147932,2149,150333,2184,1.1727,0.0227,1.0463,0.0216,,0.01623,M1,,0.005207,0.01623,0.01991,0.06504,0.06962,0.2346,0.245,0.8445,0.8943,3.077,true,122Ag_summary_ENDGAME_scheme
tr_lv_2444_lv_1979,pk_465p50,lv_2444,lv_1979,122Ag,122Cd,465.50,1.00,2444.47,1978.97,known,estimated_from_doublet_split,"doublet, bad fit",1.00,0.00,10698,103,0.04225,0.00040,0.94505,253230,2393,255237,2412,1.9911,0.0000,1.7765,0.0125,,0.007924,M1,,0.002529,0.007924,0.008199,0.02692,0.02418,0.08139,0.07059,0.243,0.2093,0.7285,true,122Ag_summary_ENDGAME_scheme
tr_lv_2644_lv_2178,pk_466p36,lv_2644,lv_2178,122Ag,122Cd,466.36,0.10,2644.12,2177.64,known,doublet_affected,"doublet, 665 keV coincidence",2.76,0.01,25473,160,0.04218,0.00039,0.93378,603862,5639,608625,5684,4.7478,0.0863,4.2361,0.0825,,0.007888,M1,,0.002518,0.007888,0.008154,0.02677,0.02403,0.08086,0.07006,0.2411,0.2075,0.7221,true,122Ag_summary_ENDGAME_scheme
tr_lv_2502_lv_1979,pk_523p14,lv_2502,lv_1979,122Ag,122Cd,523.14,0.10,2502.11,1978.97,known,normal,,2.14,0.09,45097,212,0.03851,0.00030,0.79156,1170991,9270,1177980,9325,9.1892,0.1066,8.1990,0.1113,,0.005969,M1,,0.001917,0.005969,0.005851,0.01908,0.01621,0.05403,0.04423,0.1503,0.1218,0.4188,true,122Ag_summary_ENDGAME_scheme
tr_lv_1910_lv_1368,pk_541p88,lv_1910,lv_1368,122Ag,122Cd,541.88,0.11,1909.97,1367.88,new,normal,,2.10,2.68,3073,55,0.03747,0.00028,0.75289,82008,617,82008,617,0.6397,0.0133,0.5708,0.0125,,,no IC,,0.001766,0.005484,0.005298,0.01723,0.01442,0.04785,0.03857,0.1304,0.104,0.3556,true,122Ag_summary_ENDGAME_scheme
tr_lv_2536_lv_1979,pk_556p69,lv_2536,lv_1979,122Ag,122Cd,556.69,0.10,2535.66,1978.97,known,normal,,2.25,1.59,23340,153,0.03669,0.00027,0.72466,636159,4610,636159,4610,4.9626,0.0601,4.4278,0.0620,,,no IC,,0.001659,0.005141,0.004915,0.01594,0.01319,0.04363,0.03478,0.1171,0.09223,0.3141,true,122Ag_summary_ENDGAME_scheme
tr_lv_569_lv_0,pk_569p36,lv_569,lv_0,122Ag,122Cd,569.36,0.10,569.36,0,known,normal,,2.21,0.20,462191,680,0.03605,0.00025,0.70194,12819175,89987,12819175,89987,100.0000,0.0000,89.2237,0.6278,,,no IC,,0.001576,0.004872,0.004619,0.01494,0.01226,0.04041,0.03193,0.1071,0.08356,0.2833,true,122Ag_summary_ENDGAME_scheme
tr_lv_2823_lv_2178,pk_645p23,lv_2823,lv_2178,122Ag,122Cd,645.23,0.13,2822.87,2177.64,known,normal,,1.70,22.22,4857,70,0.03276,0.00019,0.58895,148270,873,148270,873,1.1566,0.0198,1.0320,0.0191,,,no IC,,,,,,,,,,,,true,122Ag_summary_ENDGAME_scheme
tr_lv_1979_lv_1329,pk_650p05,lv_1979,lv_1329,122Ag,122Cd,650.05,0.10,1978.97,1328.92,known,normal,,2.18,0.72,177118,421,0.03257,0.00019,0.58290,5437550,31697,5437550,31697,42.4173,0.4048,37.8463,0.4487,,,no IC,,,,,,,,,,,,true,122Ag_summary_ENDGAME_scheme
tr_lv_2644_lv_1979,pk_665p27,lv_2644,lv_1979,122Ag,122Cd,665.27,0.10,2644.12,1978.97,known,doublet_affected,doublet,2.18,4.87,26385,162,0.03201,0.00018,0.56458,824383,4654,824383,4654,6.4309,0.0960,5.7379,0.0947,,,no IC,,,,,,,,,,,,true,122Ag_summary_ENDGAME_scheme
tr_lv_2668_lv_1979,pk_689p30,lv_2668,lv_1979,122Ag,122Cd,689.30,0.11,2668.27,1978.97,known,doublet_affected,doublet,2.26,6.62,8565,93,0.03116,0.00017,0.53791,274877,1479,274877,1479,2.1443,0.0301,1.9132,0.0300,,,no IC,,,,,,,,,,,,true,122Ag_summary_ENDGAME_scheme
tr_lv_1329_lv_569,pk_759p56,lv_1329,lv_569,122Ag,122Cd,759.56,0.10,1328.92,569.36,known,normal,,2.39,0.20,253069,503,0.02896,0.00014,0.47403,8738345,41423,8738345,41423,68.1662,0.6015,60.8204,0.6864,,,no IC,,,,,,,,,,,,true,122Ag_summary_ENDGAME_scheme
tr_lv_2702_lv_1910,pk_792p04,lv_2702,lv_1910,122Ag,122Cd,792.04,0.15,2702.14,1909.97,new,normal,,2.07,8.91,1493,39,0.02806,0.00013,0.45085,53182,240,53182,240,0.4149,0.0113,0.3702,0.0104,,,no IC,,,,,,,,,,,,true,122Ag_summary_ENDGAME_scheme
tr_lv_1368_lv_569,pk_798p43,lv_1368,lv_569,122Ag,122Cd,798.43,0.10,1367.88,569.36,known,normal,,2.32,1.85,25935,161,0.02790,0.00012,0.44672,929702,4153,929702,4153,7.2524,0.0760,6.4709,0.0817,,,no IC,,,,,,,,,,,,true,122Ag_summary_ENDGAME_scheme
tr_lv_2800_lv_1979,pk_821p19,lv_2800,lv_1979,122Ag,122Cd,821.19,0.10,2800.16,1978.97,known,normal,,2.32,0.53,13893,118,0.02731,0.00012,0.43314,508631,2203,508631,2203,3.9677,0.0473,3.5402,0.0490,,,no IC,,,,,,,,,,,,true,122Ag_summary_ENDGAME_scheme
tr_lv_2178_lv_1329,pk_848p72,lv_2178,lv_1329,122Ag,122Cd,848.72,0.10,2177.64,1328.92,known,normal,,2.38,0.13,63982,253,0.02665,0.00011,0.41892,2401170,10059,2401170,10059,18.7311,0.1723,16.7126,0.1936,,,no IC,,,,,,,,,,,,true,122Ag_summary_ENDGAME_scheme
tr_lv_2854_lv_1979,pk_875p27,lv_2854,lv_1979,122Ag,122Cd,875.27,0.11,2854.24,1978.97,new,doublet_affected,doublet,2.70,7.69,4945,70,0.02604,0.00011,0.40740,189900,774,189900,774,1.4814,0.0244,1.3217,0.0236,,,no IC,,,,,,,,,,,,true,122Ag_summary_ENDGAME_scheme
tr_lv_1705_lv_569,pk_1135p23,lv_1705,lv_569,122Ag,122Cd,1135.23,0.11,1704.59,569.36,known,normal,,2.30,16.52,5431,74,0.02139,0.00008,0.38097,253910,967,253910,967,1.9807,0.0313,1.7673,0.0306,,,no IC,,,,,,,,,,,,true,122Ag_summary_ENDGAME_scheme
tr_lv_1910_lv_569,pk_1340p61,lv_1910,lv_569,122Ag,122Cd,1340.61,0.12,1909.97,569.36,known,normal,,1.96,4.72,2010,45,0.01880,0.00008,0.42125,106873,450,106873,450,0.8337,0.0198,0.7439,0.0185,,,no IC,,,,,,,,,,,,true,122Ag_summary_ENDGAME_scheme
tr_lv_1368_lv_0,pk_1367p97,lv_1368,lv_0,122Ag,122Cd,1367.97,0.10,1367.88,0,known,normal,,2.63,2.97,7318,86,0.01851,0.00008,0.42828,395402,1693,395402,1693,3.0845,0.0443,2.7521,0.0440,,,no IC,,,,,,,,,,,,true,122Ag_summary_ENDGAME_scheme
tr_lv_1992_lv_569,pk_1422p69,lv_1992,lv_569,122Ag,122Cd,1422.69,0.11,1992.05,569.36,known,normal,,2.45,2.22,2650,51,0.01794,0.00008,0.44296,147671,654,147671,654,1.1520,0.0244,1.0278,0.0229,,,no IC,,,,,,,,,,,,true,122Ag_summary_ENDGAME_scheme
tr_lv_2196_lv_569,pk_1627p05,lv_2196,lv_569,122Ag,122Cd,1627.05,0.12,2196.41,569.36,known,normal,,2.87,2.41,3253,57,0.01611,0.00008,0.50239,201924,1014,201924,1014,1.5752,0.0309,1.4054,0.0293,,,no IC,,,,,,,,,,,,true,122Ag_summary_ENDGAME_scheme
tr_lv_3050_lv_1329,pk_1721p39,lv_3050,lv_1329,122Ag,122Cd,1721.39,0.13,3050.48,1328.92,new,normal,,2.90,10.36,1931,44,0.01538,0.00008,0.53126,125480,667,125480,667,0.9788,0.0239,0.8734,0.0222,,,no IC,,,,,,,,,,,,true,122Ag_summary_ENDGAME_scheme
tr_lv_2316_lv_569,pk_1746p49,lv_2316,lv_569,122Ag,122Cd,1746.49,0.12,2315.85,569.36,known,possible_escape_peak,2767 keV single escape?,2.58,0.35,2465,50,0.01520,0.00008,0.53906,162142,874,162142,874,1.2648,0.0279,1.1285,0.0261,,,no IC,,,,,,,,,,,,true,122Ag_summary_ENDGAME_scheme
tr_lv_2578_lv_569,pk_2008p21,lv_2578,lv_569,122Ag,122Cd,2008.21,0.11,2577.57,569.36,known,normal,,3.16,1.58,4451,67,0.01353,0.00008,0.62329,328967,2050,328967,2050,2.5662,0.0455,2.2897,0.0437,,,no IC,,,,,,,,,,,,true,122Ag_summary_ENDGAME_scheme
tr_lv_4955_lv_2923,pk_2031p71,lv_4955,lv_2923,122Ag,122Cd,2031.71,0.13,4955.00,2923.29,new,doublet_affected,doublet?,2.44,6.45,1120,33,0.01340,0.00008,0.63115,83608,528,83608,528,0.6522,0.0205,0.5819,0.0187,,,no IC,,,,,,,,,,,,true,122Ag_summary_ENDGAME_scheme
tr_lv_2668_lv_569,pk_2098p96,lv_2668,lv_569,122Ag,122Cd,2098.96,0.14,2668.27,569.36,new,normal,,2.33,5.64,932,31,0.01303,0.00009,0.65394,71491,468,71491,468,0.5577,0.0191,0.4976,0.0174,,,no IC,,,,,,,,,,,,true,122Ag_summary_ENDGAME_scheme
tr_lv_2936_lv_569,pk_2366p11,lv_2936,lv_569,122Ag,122Cd,2366.11,0.16,2935.58,569.36,new,normal,,2.94,1.20,735,27,0.01175,0.00009,0.74969,62517,469,62517,469,0.4877,0.0187,0.4351,0.0170,,,no IC,,,,,,,,,,,,true,122Ag_summary_ENDGAME_scheme
tr_lv_4302_lv_1705,pk_2596p22,lv_4302,lv_1705,122Ag,122Cd,2596.22,0.24,4301.94,1704.59,new,normal,,3.89,0.86,811,28,0.01083,0.00009,0.83977,74856,629,74856,629,0.5839,0.0215,0.5210,0.0195,,,no IC,,,,,,,,,,,,true,122Ag_summary_ENDGAME_scheme
tr_lv_4135_lv_1368,pk_2767p02,lv_4135,lv_1368,122Ag,122Cd,2767.02,0.13,4134.90,1367.88,new,normal,,3.72,10.26,2830,53,0.01023,0.00009,0.91160,276637,2522,276637,2522,2.1580,0.0477,1.9254,0.0446,,,no IC,,,,,,,,,,,,true,122Ag_summary_ENDGAME_scheme
tr_lv_3467_lv_569,pk_2897p36,lv_3467,lv_569,122Ag,122Cd,2897.36,0.11,3466.95,569.36,new,normal,,3.41,2.82,3360,58,0.00982,0.00010,0.96930,342247,3318,342247,3318,2.6698,0.0562,2.3821,0.0529,,,no IC,,,,,,,,,,,,true,122Ag_summary_ENDGAME_scheme
tr_lv_2936_lv_0,pk_2935p68,lv_2936,lv_0,122Ag,122Cd,2935.68,0.12,2935.58,0,new,normal,,3.46,0.79,1531,39,0.00970,0.00010,0.98673,157775,1557,157775,1557,1.2308,0.0349,1.0981,0.0320,,,no IC,,,,,,,,,,,,true,122Ag_summary_ENDGAME_scheme
tr_lv_3555_lv_569,pk_2985p13,lv_3555,lv_569,122Ag,122Cd,2985.13,0.16,3554.80,569.36,new,normal,,3.63,4.63,854,29,0.00956,0.00010,1.00955,89321,902,89321,902,0.6968,0.0254,0.6217,0.0230,,,no IC,,,,,,,,,,,,true,122Ag_summary_ENDGAME_scheme
tr_lv_3608_lv_569,pk_3038p15,lv_3608,lv_569,122Ag,122Cd,3038.15,0.25,3607.51,569.36,new,normal,,2.89,0.10,282,17,0.00940,0.00010,1.03441,29986,310,29986,310,0.2339,0.0142,0.2087,0.0128,,,no IC,,,,,,,,,,,,true,122Ag_summary_ENDGAME_scheme
tr_lv_3050_lv_0,pk_3050p64,lv_3050,lv_0,122Ag,122Cd,3050.64,0.11,3050.48,0,new,normal,,3.20,0.62,1853,43,0.00937,0.00010,1.04032,197767,2058,197767,2058,1.5427,0.0408,1.3765,0.0377,,,no IC,,,,,,,,,,,,true,122Ag_summary_ENDGAME_scheme
tr_lv_3809_lv_569,pk_3239p21,lv_3809,lv_569,122Ag,122Cd,3239.21,0.12,3808.60,569.36,new,normal,,3.60,1.12,1635,40,0.00887,0.00010,1.13227,184268,2087,184268,2087,1.4374,0.0404,1.2825,0.0372,,,no IC,,,,,,,,,,,,true,122Ag_summary_ENDGAME_scheme
tr_lv_3467_lv_0,pk_3467p18,lv_3467,lv_0,122Ag,122Cd,3467.18,0.11,3466.95,0,new,normal,,3.71,0.54,2755,52,0.00834,0.00010,1.24979,330379,4130,330379,4130,2.5772,0.0616,2.2995,0.0573,,,no IC,,,,,,,,,,,,true,122Ag_summary_ENDGAME_scheme
tr_lv_3555_lv_0,pk_3555p10,lv_3555,lv_0,122Ag,122Cd,3555.10,0.13,3554.80,0,new,normal,,3.38,4.12,810,28,0.00815,0.00011,1.29688,99326,1288,99326,1288,0.7748,0.0296,0.6913,0.0268,,,no IC,,,,,,,,,,,,true,122Ag_summary_ENDGAME_scheme
tr_lv_4302_lv_569,pk_3732p81,lv_4302,lv_569,122Ag,122Cd,3732.81,0.18,4301.94,569.36,new,normal,,4.13,1.57,756,27,0.00779,0.00011,1.39482,97000,1353,97000,1353,0.7567,0.0300,0.6751,0.0272,,,no IC,,,,,,,,,,,,true,122Ag_summary_ENDGAME_scheme
tr_lv_3809_lv_0,pk_3808p63,lv_3809,lv_0,122Ag,122Cd,3808.63,0.12,3808.60,0,new,normal,,3.85,2.83,1514,39,0.00765,0.00011,1.43769,197872,2845,197872,2845,1.5436,0.0468,1.3772,0.0429,,,no IC,,,,,,,,,,,,true,122Ag_summary_ENDGAME_scheme
tr_lv_4084_lv_0,pk_4084p20,lv_4084,lv_0,122Ag,122Cd,4084.20,0.18,4084.20,0,new,normal,,4.32,0.43,728,27,0.00718,0.00011,1.59848,101435,1622,101435,1622,0.7913,0.0324,0.7060,0.0294,,,no IC,,,,,,,,,,,,true,122Ag_summary_ENDGAME_scheme
tr_lv_4302_lv_0,pk_4302p83,lv_4302,lv_0,122Ag,122Cd,4302.83,0.18,4301.94,0,new,normal,,4.41,3.77,468,22,0.00684,0.00012,1.73106,68318,1183,68318,1183,0.5329,0.0266,0.4755,0.0240,,,no IC,,,,,,,,,,,,true,122Ag_summary_ENDGAME_scheme
