peak_id,e_gamma_keV,de_gamma_keV,level_initial_id,level_final_id,current_relative_percent,current_relative_err_percent,current_absolute_percent,current_absolute_err_percent,literature_status,literature_source_primary,literature_e_gamma_keV,literature_i_gamma_rel_percent,literature_i_gamma_abs_percent,delta_e_current_minus_lit_keV,intensity_ratio_current_to_lit,agreement_status,quality_flag,comment
pk_100p42,100.42,0.11,lv_2923,lv_2823,1.1288,0.0749,1.0071,0.0672,new_in_current_analysis,current_analysis,,,,,,new_transition_no_literature_value_expected,normal,
pk_108p54,108.54,0.11,lv_2644,lv_2536,1.949,0.0574,1.739,0.0527,previously_reported,Smith2008,,,,,,needs_literature_numeric_values,normal,
pk_114p11,114.11,0.1,lv_2616,lv_2502,2.1067,0.2216,1.8796,0.1982,previously_reported,Smith2008,,,,,,needs_literature_check_and_doublet_caution,doublet_affected,doublet?
pk_141p95,141.95,0.12,lv_2644,lv_2502,0.5991,0.0192,0.5345,0.0175,new_in_current_analysis,current_analysis,,,,,,new_transition_no_literature_value_expected,normal,
pk_324p60,324.6,0.1,lv_2502,lv_2178,5.8139,0.0996,5.1874,0.096,previously_reported,legacy_literature_or_NDS,,,,,,needs_literature_numeric_values,normal,
pk_348p77,348.77,0.11,lv_2965,lv_2616,1.1727,0.0227,1.0463,0.0216,new_in_current_analysis,current_analysis,,,,,,new_transition_no_literature_value_expected,normal,
pk_465p50,465.5,1.0,lv_2444,lv_1979,1.9911,0.0,1.7765,0.0125,previously_reported,legacy_literature_or_NDS,,,,,,needs_literature_check_and_doublet_caution,estimated_from_doublet_split,"doublet, bad fit"
pk_466p36,466.36,0.1,lv_2644,lv_2178,4.7478,0.0863,4.2361,0.0825,previously_reported,legacy_literature_or_NDS,,,,,,needs_literature_check_and_doublet_caution,doublet_affected,"doublet, 665 keV coincidence"
pk_523p14,523.14,0.1,lv_2502,lv_1979,9.1892,0.1066,8.199,0.1113,previously_reported,legacy_literature_or_NDS,,,,,,needs_literature_numeric_values,normal,
pk_541p88,541.88,0.11,lv_1910,lv_1368,0.6397,0.0133,0.5708,0.0125,new_in_current_analysis,current_analysis,,,,,,new_transition_no_literature_value_expected,normal,
pk_556p69,556.69,0.1,lv_2536,lv_1979,4.9626,0.0601,4.4278,0.062,previously_reported,legacy_literature_or_NDS,,,,,,needs_literature_numeric_values,normal,
pk_569p36,569.36,0.1,lv_569,lv_0,100.0,0.0,89.2237,0.6278,previously_reported,legacy_literature_or_NDS,,,,,,needs_literature_numeric_values,normal,
pk_645p23,645.23,0.13,lv_2823,lv_2178,1.1566,0.0198,1.032,0.0191,previously_reported,legacy_literature_or_NDS,,,,,,needs_literature_numeric_values,normal,
pk_650p05,650.05,0.1,lv_1979,lv_1329,42.4173,0.4048,37.8463,0.4487,previously_reported,legacy_literature_or_NDS,,,,,,needs_literature_numeric_values,normal,
pk_665p27,665.27,0.1,lv_2644,lv_1979,6.4309,0.096,5.7379,0.0947,previously_reported,legacy_literature_or_NDS,,,,,,needs_literature_check_and_doublet_caution,doublet_affected,doublet
pk_689p30,689.3,0.11,lv_2668,lv_1979,2.1443,0.0301,1.9132,0.03,previously_reported,legacy_literature_or_NDS,,,,,,needs_literature_check_and_doublet_caution,doublet_affected,doublet
pk_759p56,759.56,0.1,lv_1329,lv_569,68.1662,0.6015,60.8204,0.6864,previously_reported,legacy_literature_or_NDS,,,,,,needs_literature_numeric_values,normal,
pk_792p04,792.04,0.15,lv_2702,lv_1910,0.4149,0.0113,0.3702,0.0104,new_in_current_analysis,current_analysis,,,,,,new_transition_no_literature_value_expected,normal,
pk_798p43,798.43,0.1,lv_1368,lv_569,7.2524,0.076,6.4709,0.0817,previously_reported,legacy_literature_or_NDS,,,,,,needs_literature_numeric_values,normal,
pk_821p19,821.19,0.1,lv_2800,lv_1979,3.9677,0.0473,3.5402,0.049,previously_reported,legacy_literature_or_NDS,,,,,,needs_literature_numeric_values,normal,
pk_848p72,848.72,0.1,lv_2178,lv_1329,18.7311,0.1723,16.7126,0.1936,previously_reported,legacy_literature_or_NDS,,,,,,needs_literature_numeric_values,normal,
pk_875p27,875.27,0.11,lv_2854,lv_1979,1.4814,0.0244,1.3217,0.0236,new_in_current_analysis,current_analysis,,,,,,new_transition_no_literature_value_expected,doublet_affected,doublet
pk_1135p23,1135.23,0.11,lv_1705,lv_569,1.9807,0.0313,1.7673,0.0306,previously_reported,legacy_literature_or_NDS,,,,,,needs_literature_numeric_values,normal,
pk_1340p61,1340.61,0.12,lv_1910,lv_569,0.8337,0.0198,0.7439,0.0185,previously_reported,legacy_literature_or_NDS,,,,,,needs_literature_numeric_values,normal,
pk_1367p97,1367.97,0.1,lv_1368,lv_0,3.0845,0.0443,2.7521,0.044,previously_reported,legacy_literature_or_NDS,,,,,,needs_literature_numeric_values,normal,
pk_1422p69,1422.69,0.11,lv_1992,lv_569,1.152,0.0244,1.0278,0.0229,previously_reported,legacy_literature_or_NDS,,,,,,needs_literature_numeric_values,normal,
pk_1627p05,1627.05,0.12,lv_2196,lv_569,1.5752,0.0309,1.4054,0.0293,previously_reported,legacy_literature_or_NDS,,,,,,needs_literature_numeric_values,normal,
pk_1721p39,1721.39,0.13,lv_3050,lv_1329,0.9788,0.0239,0.8734,0.0222,new_in_current_analysis,current_analysis,,,,,,new_transition_no_literature_value_expected,normal,
pk_1746p49,1746.49,0.12,lv_2316,lv_569,1.2648,0.0279,1.1285,0.0261,previously_reported,legacy_literature_or_NDS,,,,,,possible_escape_peak_check_before_literature_comparison,possible_escape_peak,2767 keV single escape?
pk_2008p21,2008.21,0.11,lv_2578,lv_569,2.5662,0.0455,2.2897,0.0437,previously_reported,legacy_literature_or_NDS,,,,,,needs_literature_numeric_values,normal,
pk_2031p71,2031.71,0.13,lv_4955,lv_2923,0.6522,0.0205,0.5819,0.0187,new_in_current_analysis,current_analysis,,,,,,new_transition_no_literature_value_expected,doublet_affected,doublet?
pk_2098p96,2098.96,0.14,lv_2668,lv_569,0.5577,0.0191,0.4976,0.0174,new_in_current_analysis,current_analysis,,,,,,new_transition_no_literature_value_expected,normal,
pk_2366p11,2366.11,0.16,lv_2936,lv_569,0.4877,0.0187,0.4351,0.017,new_in_current_analysis,current_analysis,,,,,,new_transition_no_literature_value_expected,normal,
pk_2596p22,2596.22,0.24,lv_4302,lv_1705,0.5839,0.0215,0.521,0.0195,new_in_current_analysis,current_analysis,,,,,,new_transition_no_literature_value_expected,normal,
pk_2767p02,2767.02,0.13,lv_4135,lv_1368,2.158,0.0477,1.9254,0.0446,new_in_current_analysis,current_analysis,,,,,,new_transition_no_literature_value_expected,normal,
pk_2897p36,2897.36,0.11,lv_3467,lv_569,2.6698,0.0562,2.3821,0.0529,new_in_current_analysis,current_analysis,,,,,,new_transition_no_literature_value_expected,normal,
pk_2935p68,2935.68,0.12,lv_2936,lv_0,1.2308,0.0349,1.0981,0.032,new_in_current_analysis,current_analysis,,,,,,new_transition_no_literature_value_expected,normal,
pk_2985p13,2985.13,0.16,lv_3555,lv_569,0.6968,0.0254,0.6217,0.023,new_in_current_analysis,current_analysis,,,,,,new_transition_no_literature_value_expected,normal,
pk_3038p15,3038.15,0.25,lv_3608,lv_569,0.2339,0.0142,0.2087,0.0128,new_in_current_analysis,current_analysis,,,,,,new_transition_no_literature_value_expected,normal,
pk_3050p64,3050.64,0.11,lv_3050,lv_0,1.5427,0.0408,1.3765,0.0377,new_in_current_analysis,current_analysis,,,,,,new_transition_no_literature_value_expected,normal,
pk_3239p21,3239.21,0.12,lv_3809,lv_569,1.4374,0.0404,1.2825,0.0372,new_in_current_analysis,current_analysis,,,,,,new_transition_no_literature_value_expected,normal,
pk_3467p18,3467.18,0.11,lv_3467,lv_0,2.5772,0.0616,2.2995,0.0573,new_in_current_analysis,current_analysis,,,,,,new_transition_no_literature_value_expected,normal,
pk_3555p10,3555.1,0.13,lv_3555,lv_0,0.7748,0.0296,0.6913,0.0268,new_in_current_analysis,current_analysis,,,,,,new_transition_no_literature_value_expected,normal,
pk_3732p81,3732.81,0.18,lv_4302,lv_569,0.7567,0.03,0.6751,0.0272,new_in_current_analysis,current_analysis,,,,,,new_transition_no_literature_value_expected,normal,
pk_3808p63,3808.63,0.12,lv_3809,lv_0,1.5436,0.0468,1.3772,0.0429,new_in_current_analysis,current_analysis,,,,,,new_transition_no_literature_value_expected,normal,
pk_4084p20,4084.2,0.18,lv_4084,lv_0,0.7913,0.0324,0.706,0.0294,new_in_current_analysis,current_analysis,,,,,,new_transition_no_literature_value_expected,normal,
pk_4302p83,4302.83,0.18,lv_4302,lv_0,0.5329,0.0266,0.4755,0.024,new_in_current_analysis,current_analysis,,,,,,new_transition_no_literature_value_expected,normal,
